<?xml version="1.0" encoding="UTF-8"?>
<project-private xmlns="http://www.netbeans.org/ns/project-private/1">
    <editor-bookmarks xmlns="http://www.netbeans.org/ns/editor-bookmarks/2" lastBookmarkId="0"/>
    <open-files xmlns="http://www.netbeans.org/ns/projectui-open-files/2">
        <group>
            <file>file:/C:/Users/Chaniru%20Dewnith/Documents/NetBeansProjects/pilotproject/src/pilotproject/Studentregistration.java</file>
            <file>file:/C:/Users/Chaniru%20Dewnith/Documents/NetBeansProjects/pilotproject/src/pilotproject/newlogin.java</file>
            <file>file:/C:/Users/Chaniru%20Dewnith/Documents/NetBeansProjects/pilotproject/src/codes/DBconnect.java</file>
            <file>file:/C:/Users/Chaniru%20Dewnith/Documents/NetBeansProjects/pilotproject/src/pilotproject/FirstUi.java</file>
            <file>file:/C:/Users/Chaniru%20Dewnith/Documents/NetBeansProjects/pilotproject/src/pilotproject/mainframe.java</file>
            <file>file:/C:/Users/Chaniru%20Dewnith/Documents/NetBeansProjects/pilotproject/src/pilotproject/copyifneed.java</file>
            <file>file:/C:/Users/Chaniru%20Dewnith/Documents/NetBeansProjects/pilotproject/src/pilotproject/Pilotproject.java</file>
            <file>file:/C:/Users/Chaniru%20Dewnith/Documents/NetBeansProjects/pilotproject/src/pilotproject/contactus.java</file>
            <file>file:/C:/Users/Chaniru%20Dewnith/Documents/NetBeansProjects/pilotproject/src/pilotproject/Studentloginz.java</file>
            <file>file:/C:/Users/Chaniru%20Dewnith/Documents/NetBeansProjects/pilotproject/src/pilotproject/aboutframe.java</file>
            <file>file:/C:/Users/Chaniru%20Dewnith/Documents/NetBeansProjects/pilotproject/src/pilotproject/lectureinterface.java</file>
        </group>
    </open-files>
</project-private>
